000_Cell Voltage 01,Cell 01,0x220102,e/50,2.5,4.3,V,7E4
000_Cell Voltage 02,Cell 02,0x220102,f/50,2.5,4.3,V,7E4
000_Cell Voltage 03,Cell 03,0x220102,g/50,2.5,4.3,V,7E4
000_Cell Voltage 04,Cell 04,0x220102,h/50,2.5,4.3,V,7E4
000_Cell Voltage 05,Cell 05,0x220102,i/50,2.5,4.3,V,7E4
000_Cell Voltage 06,Cell 06,0x220102,j/50,2.5,4.3,V,7E4
000_Cell Voltage 07,Cell 07,0x220102,k/50,2.5,4.3,V,7E4
000_Cell Voltage 08,Cell 08,0x220102,l/50,2.5,4.3,V,7E4
000_Cell Voltage 09,Cell 09,0x220102,m/50,2.5,4.3,V,7E4
000_Cell Voltage 10,Cell 10,0x220102,n/50,2.5,4.3,V,7E4
000_Cell Voltage 11,Cell 11,0x220102,o/50,2.5,4.3,V,7E4
000_Cell Voltage 12,Cell 12,0x220102,p/50,2.5,4.3,V,7E4
000_Cell Voltage 13,Cell 13,0x220102,q/50,2.5,4.3,V,7E4
000_Cell Voltage 14,Cell 14,0x220102,r/50,2.5,4.3,V,7E4
000_Cell Voltage 15,Cell 15,0x220102,s/50,2.5,4.3,V,7E4
000_Cell Voltage 16,Cell 16,0x220102,t/50,2.5,4.3,V,7E4
000_Cell Voltage 17,Cell 17,0x220102,u/50,2.5,4.3,V,7E4
000_Cell Voltage 18,Cell 18,0x220102,v/50,2.5,4.3,V,7E4
000_Cell Voltage 19,Cell 19,0x220102,w/50,2.5,4.3,V,7E4
000_Cell Voltage 20,Cell 20,0x220102,x/50,2.5,4.3,V,7E4
000_Cell Voltage 21,Cell 21,0x220102,y/50,2.5,4.3,V,7E4
000_Cell Voltage 22,Cell 22,0x220102,z/50,2.5,4.3,V,7E4
000_Cell Voltage 23,Cell 23,0x220102,aa/50,2.5,4.3,V,7E4
000_Cell Voltage 24,Cell 24,0x220102,ab/50,2.5,4.3,V,7E4
000_Cell Voltage 25,Cell 25,0x220102,ac/50,2.5,4.3,V,7E4
000_Cell Voltage 26,Cell 26,0x220102,ad/50,2.5,4.3,V,7E4
000_Cell Voltage 27,Cell 27,0x220102,ae/50,2.5,4.3,V,7E4
000_Cell Voltage 28,Cell 28,0x220102,af/50,2.5,4.3,V,7E4
000_Cell Voltage 29,Cell 29,0x220102,ag/50,2.5,4.3,V,7E4
000_Cell Voltage 30,Cell 30,0x220102,ah/50,2.5,4.3,V,7E4
000_Cell Voltage 31,Cell 31,0x220102,ai/50,2.5,4.3,V,7E4
000_Cell Voltage 32,Cell 32,0x220102,aj/50,2.5,4.3,V,7E4
000_Cell Voltage 33,Cell 33,0x220103,e/50,2.5,4.3,V,7E4
000_Cell Voltage 34,Cell 34,0x220103,f/50,2.5,4.3,V,7E4
000_Cell Voltage 35,Cell 35,0x220103,g/50,2.5,4.3,V,7E4
000_Cell Voltage 36,Cell 36,0x220103,h/50,2.5,4.3,V,7E4
000_Cell Voltage 37,Cell 37,0x220103,i/50,2.5,4.3,V,7E4
000_Cell Voltage 38,Cell 38,0x220103,j/50,2.5,4.3,V,7E4
000_Cell Voltage 39,Cell 39,0x220103,k/50,2.5,4.3,V,7E4
000_Cell Voltage 40,Cell 40,0x220103,l/50,2.5,4.3,V,7E4
000_Cell Voltage 41,Cell 41,0x220103,m/50,2.5,4.3,V,7E4
000_Cell Voltage 42,Cell 42,0x220103,n/50,2.5,4.3,V,7E4
000_Cell Voltage 43,Cell 43,0x220103,o/50,2.5,4.3,V,7E4
000_Cell Voltage 44,Cell 44,0x220103,p/50,2.5,4.3,V,7E4
000_Cell Voltage 45,Cell 45,0x220103,q/50,2.5,4.3,V,7E4
000_Cell Voltage 46,Cell 46,0x220103,r/50,2.5,4.3,V,7E4
000_Cell Voltage 47,Cell 47,0x220103,s/50,2.5,4.3,V,7E4
000_Cell Voltage 48,Cell 48,0x220103,t/50,2.5,4.3,V,7E4
000_Cell Voltage 49,Cell 49,0x220103,u/50,2.5,4.3,V,7E4
000_Cell Voltage 50,Cell 50,0x220103,v/50,2.5,4.3,V,7E4
000_Cell Voltage 51,Cell 51,0x220103,w/50,2.5,4.3,V,7E4
000_Cell Voltage 52,Cell 52,0x220103,x/50,2.5,4.3,V,7E4
000_Cell Voltage 53,Cell 53,0x220103,y/50,2.5,4.3,V,7E4
000_Cell Voltage 54,Cell 54,0x220103,z/50,2.5,4.3,V,7E4
000_Cell Voltage 55,Cell 55,0x220103,aa/50,2.5,4.3,V,7E4
000_Cell Voltage 56,Cell 56,0x220103,ab/50,2.5,4.3,V,7E4
000_Cell Voltage 57,Cell 57,0x220103,ac/50,2.5,4.3,V,7E4
000_Cell Voltage 58,Cell 58,0x220103,ad/50,2.5,4.3,V,7E4
000_Cell Voltage 59,Cell 59,0x220103,ae/50,2.5,4.3,V,7E4
000_Cell Voltage 60,Cell 60,0x220103,af/50,2.5,4.3,V,7E4
000_Cell Voltage 61,Cell 61,0x220103,ag/50,2.5,4.3,V,7E4
000_Cell Voltage 62,Cell 62,0x220103,ah/50,2.5,4.3,V,7E4
000_Cell Voltage 63,Cell 63,0x220103,ai/50,2.5,4.3,V,7E4
000_Cell Voltage 64,Cell 64,0x220103,aj/50,2.5,4.3,V,7E4
000_Cell Voltage 65,Cell 65,0x220104,e/50,2.5,4.3,V,7E4
000_Cell Voltage 66,Cell 66,0x220104,f/50,2.5,4.3,V,7E4
000_Cell Voltage 67,Cell 67,0x220104,g/50,2.5,4.3,V,7E4
000_Cell Voltage 68,Cell 68,0x220104,h/50,2.5,4.3,V,7E4
000_Cell Voltage 69,Cell 69,0x220104,i/50,2.5,4.3,V,7E4
000_Cell Voltage 70,Cell 70,0x220104,j/50,2.5,4.3,V,7E4
000_Cell Voltage 71,Cell 71,0x220104,k/50,2.5,4.3,V,7E4
000_Cell Voltage 72,Cell 72,0x220104,l/50,2.5,4.3,V,7E4
000_Cell Voltage 73,Cell 73,0x220104,m/50,2.5,4.3,V,7E4
000_Cell Voltage 74,Cell 74,0x220104,n/50,2.5,4.3,V,7E4
000_Cell Voltage 75,Cell 75,0x220104,o/50,2.5,4.3,V,7E4
000_Cell Voltage 76,Cell 76,0x220104,p/50,2.5,4.3,V,7E4
000_Cell Voltage 77,Cell 77,0x220104,q/50,2.5,4.3,V,7E4
000_Cell Voltage 78,Cell 78,0x220104,r/50,2.5,4.3,V,7E4
000_Cell Voltage 79,Cell 79,0x220104,s/50,2.5,4.3,V,7E4
000_Cell Voltage 80,Cell 80,0x220104,t/50,2.5,4.3,V,7E4
000_Cell Voltage 81,Cell 81,0x220104,u/50,2.5,4.3,V,7E4
000_Cell Voltage 82,Cell 82,0x220104,v/50,2.5,4.3,V,7E4
000_Cell Voltage 83,Cell 83,0x220104,w/50,2.5,4.3,V,7E4
000_Cell Voltage 84,Cell 84,0x220104,x/50,2.5,4.3,V,7E4
000_Cell Voltage 85,Cell 85,0x220104,y/50,2.5,4.3,V,7E4
000_Cell Voltage 86,Cell 86,0x220104,z/50,2.5,4.3,V,7E4
000_Cell Voltage 87,Cell 87,0x220104,aa/50,2.5,4.3,V,7E4
000_Cell Voltage 88,Cell 88,0x220104,ab/50,2.5,4.3,V,7E4
000_Cell Voltage 89,Cell 89,0x220104,ac/50,2.5,4.3,V,7E4
000_Cell Voltage 90,Cell 90,0x220104,ad/50,2.5,4.3,V,7E4
000_Cell Voltage 91,Cell 91,0x220104,ae/50,2.5,4.3,V,7E4
000_Cell Voltage 92,Cell 92,0x220104,af/50,2.5,4.3,V,7E4
000_Cell Voltage 93,Cell 93,0x220104,ag/50,2.5,4.3,V,7E4
000_Cell Voltage 94,Cell 94,0x220104,ah/50,2.5,4.3,V,7E4
000_Cell Voltage 95,Cell 95,0x220104,ai/50,2.5,4.3,V,7E4
000_Cell Voltage 96,Cell 96,0x220104,aj/50,2.5,4.3,V,7E4
000_Cell Voltage 97,Cell 97,0x220105,ai/50,2.5,4.3,V,7E4
000_Cell Voltage 98,Cell 98,0x220105,aj/50,2.5,4.3,V,7E4
